{
  "electron.vite.config.ts": 1778666107.854882,
  "electron\\autoLaunch.ts": 1778529380.3802469,
  "electron\\hotkeys.ts": 1778529380.28146,
  "electron\\logger.ts": 1778664829.8455992,
  "electron\\main.ts": 1778670979.9158385,
  "electron\\preload.ts": 1778666083.3056557,
  "electron\\settings.ts": 1778529380.2486086,
  "electron\\textInjector.ts": 1778665695.658462,
  "electron\\tray.ts": 1778529380.3239787,
  "electron\\whisperEngine.ts": 1778666053.1998732,
  "src\\global.d.ts": 1778666088.4064598,
  "src\\overlay.tsx": 1778529379.91677,
  "src\\settings.tsx": 1778529379.87412,
  "src\\overlay\\Overlay.tsx": 1778665077.708385,
  "src\\overlay\\useRecorder.ts": 1778529379.987445,
  "src\\settings\\Settings.tsx": 1778670638.5551717,
  "src\\shared\\types.ts": 1778666058.3776848,
  "src\\speech\\DeepgramProvider.ts": 1778658566.8032727,
  "src\\speech\\index.ts": 1778665765.017547,
  "src\\speech\\ISpeechProvider.ts": 1778529380.1181052,
  "src\\speech\\WebSpeechProvider.ts": 1778665798.4156313,
  "src\\speech\\WhisperLocalProvider.ts": 1778666101.787121,
  "src\\speech\\WhisperOpenAIProvider.ts": 1778658684.6920667,
  "README.md": 1778529379.658599,
  "graphify-out\\graph.html": 1778705223.9836683,
  "graphify-out\\GRAPH_REPORT.md": 1778705217.8863146,
  "src\\overlay.html": 1778529379.846356,
  "src\\settings.html": 1778529379.9483156,
  "resources\\icon.png": 1778529380.4006326
}