{
  "electron\\hotkeys.ts": 1778930511.7197092,
  "electron\\main.ts": 1778932582.7169292,
  "electron\\preload.ts": 1778932590.3312912,
  "src\\global.d.ts": 1778932596.5555477,
  "src\\overlay\\Overlay.tsx": 1778932619.178771,
  "src\\overlay\\sounds.ts": 1778932424.3236842,
  "src\\overlay\\useRecorder.ts": 1778928185.5697904,
  "src\\settings\\Settings.tsx": 1778929866.6684532,
  "src\\shared\\types.ts": 1778932558.5829792,
  "electron.vite.config.ts": 1778666107.854882,
  "electron\\autoLaunch.ts": 1778529380.3802469,
  "electron\\logger.ts": 1778664829.8455992,
  "electron\\settings.ts": 1778529380.2486086,
  "electron\\textInjector.ts": 1778759870.1130595,
  "electron\\tray.ts": 1778755773.5019615,
  "electron\\whisperEngine.ts": 1778759303.0907252,
  "src\\overlay.tsx": 1778529379.91677,
  "src\\settings.tsx": 1778529379.87412,
  "src\\overlay\\Waveform.tsx": 1778851776.851613,
  "src\\shared\\commandProcessor.ts": 1778850707.6162393,
  "src\\speech\\DeepgramProvider.ts": 1778759137.9239874,
  "src\\speech\\index.ts": 1778665765.017547,
  "src\\speech\\ISpeechProvider.ts": 1778759125.0703087,
  "src\\speech\\WebSpeechProvider.ts": 1778665798.4156313,
  "src\\speech\\WhisperLocalProvider.ts": 1778759144.1663747,
  "src\\speech\\WhisperOpenAIProvider.ts": 1778658684.6920667,
  "release\\0.3.0\\win-unpacked\\LICENSE.electron.txt": 1778855608.984507,
  "release\\0.3.0\\win-unpacked\\LICENSES.chromium.html": 1778855608.7584643,
  "release\\0.3.1\\win-unpacked\\LICENSE.electron.txt": 1778932724.488245,
  "release\\0.3.1\\win-unpacked\\LICENSES.chromium.html": 1778932724.2893236,
  "README.md": 1778529379.658599,
  "graphify-out\\graph.html": 1778933237.5545049,
  "graphify-out\\GRAPH_REPORT.md": 1778933227.347687,
  "graphify-out\\python_path.txt": 1778855536.960338,
  "release\\0.1.0\\win-unpacked\\LICENSE.electron.txt": 1778529957.896704,
  "release\\0.1.0\\win-unpacked\\LICENSES.chromium.html": 1778529957.7968328,
  "release\\0.2.0\\win-unpacked\\LICENSE.electron.txt": 1778659225.579574,
  "release\\0.2.0\\win-unpacked\\LICENSES.chromium.html": 1778659225.1412547,
  "release\\0.2.1\\win-unpacked\\LICENSE.electron.txt": 1778661083.769879,
  "release\\0.2.1\\win-unpacked\\LICENSES.chromium.html": 1778661083.377071,
  "release\\0.2.2\\win-unpacked\\LICENSE.electron.txt": 1778665298.9656508,
  "release\\0.2.2\\win-unpacked\\LICENSES.chromium.html": 1778665298.3364017,
  "release\\0.2.3\\win-unpacked\\LICENSE.electron.txt": 1778666138.671065,
  "release\\0.2.3\\win-unpacked\\LICENSES.chromium.html": 1778666138.2371254,
  "release\\0.2.4\\win-unpacked\\LICENSE.electron.txt": 1778754689.7421873,
  "release\\0.2.4\\win-unpacked\\LICENSES.chromium.html": 1778754689.1592908,
  "release\\0.2.5\\win-unpacked\\LICENSE.electron.txt": 1778755724.2279634,
  "release\\0.2.5\\win-unpacked\\LICENSES.chromium.html": 1778755723.843293,
  "release\\0.2.6\\win-unpacked\\LICENSE.electron.txt": 1778756193.0332968,
  "release\\0.2.6\\win-unpacked\\LICENSES.chromium.html": 1778756192.7082849,
  "release\\0.2.7\\win-unpacked\\LICENSE.electron.txt": 1778757754.484284,
  "release\\0.2.7\\win-unpacked\\LICENSES.chromium.html": 1778757754.0792117,
  "release\\0.2.8\\win-unpacked\\LICENSE.electron.txt": 1778758904.2292023,
  "release\\0.2.8\\win-unpacked\\LICENSES.chromium.html": 1778758903.8886106,
  "release\\0.2.9\\win-unpacked\\LICENSE.electron.txt": 1778759973.5783176,
  "release\\0.2.9\\win-unpacked\\LICENSES.chromium.html": 1778759973.2930608,
  "src\\overlay.html": 1778529379.846356,
  "src\\settings.html": 1778529379.9483156,
  "release\\0.3.0\\win-unpacked\\resources\\icon.png": 1778529380.4006326,
  "release\\0.3.1\\win-unpacked\\resources\\icon.png": 1778529380.4006326,
  "release\\0.1.0\\win-unpacked\\resources\\icon.png": 1778529380.4006326,
  "release\\0.2.0\\win-unpacked\\resources\\icon.png": 1778529380.4006326,
  "release\\0.2.1\\win-unpacked\\resources\\icon.png": 1778529380.4006326,
  "release\\0.2.2\\win-unpacked\\resources\\icon.png": 1778529380.4006326,
  "release\\0.2.3\\win-unpacked\\resources\\icon.png": 1778529380.4006326,
  "release\\0.2.4\\win-unpacked\\resources\\icon.png": 1778529380.4006326,
  "release\\0.2.5\\win-unpacked\\resources\\icon.png": 1778529380.4006326,
  "release\\0.2.6\\win-unpacked\\resources\\icon.png": 1778529380.4006326,
  "release\\0.2.7\\win-unpacked\\resources\\icon.png": 1778529380.4006326,
  "release\\0.2.8\\win-unpacked\\resources\\icon.png": 1778529380.4006326,
  "release\\0.2.9\\win-unpacked\\resources\\icon.png": 1778529380.4006326,
  "resources\\icon.png": 1778529380.4006326
}